#,Hall.,H. Type,Unnamed: 3,L0,L0_ii,L0_iii,L0_iv,L1,L2,Q0,Q0_ii,Q0_iii,Q0_iv,Q1,Q2,M0,M0_ii,M0_iii,M0_iv,M1,M2,G0,G0_ii,G0_iii,G0_iv,G1,G2,Unnamed: 28,L0.1,L0_ii.1,L0_iii.1,L0_iv.1,L1.1,L2.1,Q0.1,Q0_ii.1,Q0_iii.1,Q0_iv.1,Q1.1,Q2.1,M0.1,M0_ii.1,M0_iii.1,M0_iv.1,M1.1,M2.1,G0.1,G0_ii.1,G0_iii.1,G0_iv.1,G1.1,G2.1,Unnamed: 53,L0.2,L0_ii.2,L0_iii.2,L0_iv.2,L1.2,L2.2,Q0.2,Q0_ii.2,Q0_iii.2,Q0_iv.2,Q1.2,Q2.2,M0.2,M0_ii.2,M0_iii.2,M0_iv.2,M1.2,M2.2,G0.2,G0_ii.2,G0_iii.2,G0_iv.2,G1.2,G2.2,Unnamed: 78,L0.3,L0_ii.3,L0_iii.3,L0_iv.3,L1.3,L2.3,Q0.3,Q0_ii.3,Q0_iii.3,Q0_iv.3,Q1.3,Q2.3,M0.3,M0_ii.3,M0_iii.3,M0_iv.3,M1.3,M2.3,G0.3,G0_ii.3,G0_iii.3,G0_iv.3,G1.3,G2.3,Unnamed: 103,Support,Prec. Macro,Prec. Macro Balanced,Prec. Micro A,Prec. Micro B,E1_score,E2_score,E3_score,E4_score,E5_score,Rank,is_hall,is_real,k,cum_covered,cum_hall
GS.1.1,No,,H.1.1,X,X,X,X,X,X,X,X,X,X,X,X,X,X,X,X,X,X,P,X,X,X,X,X,,"0,89","0,89","0,89","0,89","0,80","0,89","0,76","0,76","0,76","0,76","0,75","0,72","0,66","0,66","0,66","0,66","0,75","0,61","0,85","0,85","0,85","0,85","0,60","0,74",,"0,89","0,89","0,89","0,89","0,80","0,89","0,74","0,74","0,74","0,74","0,75","0,72","0,65","0,65","0,65","0,65","0,75","0,61","0,84","0,84","0,84","0,84","0,60","0,74",,"0,78","0,78","0,78","0,78","0,80","0,89","0,49","0,49","0,49","0,49","0,75","0,72","0,49","0,49","0,49","0,49","0,75","0,61","0,68","0,68","0,68","0,68","0,60","0,74",,24.0,"18,49","11,582","18,36","15,59",18.49,24.0,11.582,18.36,15.59,1,False,True,1,1,0
GS.6.1,No,,H.6.1,X,X,P,P,X,X,X,X,X,X,X,X,X,X,X,X,P,X,X,X,X,X,X,X,,"0,89","0,89","0,89","0,89","0,80","0,89","0,76","0,76","0,76","0,76","0,75","0,72","0,66","0,66","0,66","0,66","0,75","0,61","0,85","0,85","0,85","0,85","0,60","0,74",,"0,89","0,89","0,89","0,89","0,80","0,89","0,74","0,74","0,74","0,74","0,75","0,72","0,65","0,65","0,65","0,65","0,75","0,61","0,84","0,84","0,84","0,84","0,60","0,74",,"0,78","0,78","0,78","0,78","0,80","0,89","0,49","0,49","0,49","0,49","0,75","0,72","0,49","0,49","0,49","0,49","0,75","0,61","0,68","0,68","0,68","0,68","0,60","0,74",,24.0,"18,49","11,582","18,36","15,59",18.49,24.0,11.582,18.36,15.59,1,False,True,2,2,0
GS.5.1,No,,H.5.1,X,X,X,X,X,X,X,X,X,X,X,X,X,X,X,X,X,X,X,X,X,X,X,X,,"0,89","0,89","0,89","0,89","0,80","0,89","0,76","0,76","0,76","0,76","0,75","0,72","0,66","0,66","0,66","0,66","0,75","0,61","0,85","0,85","0,85","0,85","0,60","0,74",,"0,89","0,89","0,89","0,89","0,80","0,89","0,74","0,74","0,74","0,74","0,75","0,72","0,65","0,65","0,65","0,65","0,75","0,61","0,84","0,84","0,84","0,84","0,60","0,74",,"0,78","0,78","0,78","0,78","0,80","0,89","0,49","0,49","0,49","0,49","0,75","0,72","0,49","0,49","0,49","0,49","0,75","0,61","0,68","0,68","0,68","0,68","0,60","0,74",,24.0,"18,49","11,582","18,36","15,59",18.49,24.0,11.582,18.36,15.59,1,False,True,3,3,0
GS.8.1,No,,H.8.1,X,X,X,X,X,X,X,X,X,X,X,X,X,X,X,X,X,X,X,X,X,X,X,X,,"0,89","0,89","0,89","0,89","0,80","0,89","0,76","0,76","0,76","0,76","0,75","0,72","0,66","0,66","0,66","0,66","0,75","0,61","0,85","0,85","0,85","0,85","0,60","0,74",,"0,89","0,89","0,89","0,89","0,80","0,89","0,74","0,74","0,74","0,74","0,75","0,72","0,65","0,65","0,65","0,65","0,75","0,61","0,84","0,84","0,84","0,84","0,60","0,74",,"0,78","0,78","0,78","0,78","0,80","0,89","0,49","0,49","0,49","0,49","0,75","0,72","0,49","0,49","0,49","0,49","0,75","0,61","0,68","0,68","0,68","0,68","0,60","0,74",,24.0,"18,49","11,582","18,36","15,59",18.49,24.0,11.582,18.36,15.59,1,False,True,4,4,0
GS.7.1,No,,H.7.1,X,X,X,X,X,X,P,P,P,P,P,P,P,P,P,P,P,P,X,X,X,X,X,P,,"0,89","0,89","0,89","0,89","0,80","0,89","0,76","0,76","0,76","0,76","0,75","0,72","0,66","0,66","0,66","0,66","0,75","0,61","0,85","0,85","0,85","0,85","0,60","0,74",,"0,89","0,89","0,89","0,89","0,80","0,89","0,74","0,74","0,74","0,74","0,75","0,72","0,65","0,65","0,65","0,65","0,75","0,61","0,84","0,84","0,84","0,84","0,60","0,74",,"0,78","0,78","0,78","0,78","0,80","0,89","0,49","0,49","0,49","0,49","0,75","0,72","0,49","0,49","0,49","0,49","0,75","0,61","0,68","0,68","0,68","0,68","0,60","0,74",,24.0,"18,49","11,582","18,36","15,59",18.49,24.0,11.582,18.36,15.59,1,False,True,5,5,0
GS.3.1,No,,H.3.1,P,P,P,P,P,P,P,X,X,P,P,P,P,,P,P,P,P,X,X,X,X,X,X,,"0,89","0,89","0,89","0,89","0,80","0,89","0,76","0,76","0,76","0,76","0,75","0,72","0,66",,"0,66","0,66","0,75","0,61","0,85","0,85","0,85","0,85","0,60","0,74",,"0,89","0,89","0,89","0,89","0,80","0,89","0,74","0,74","0,74","0,74","0,75","0,72","0,65",,"0,65","0,65","0,75","0,61","0,84","0,84","0,84","0,84","0,60","0,74",,"0,78","0,78","0,78","0,78","0,80","0,89","0,49","0,49","0,49","0,49","0,75","0,72","0,49",,"0,49","0,49","0,75","0,61","0,68","0,68","0,68","0,68","0,60","0,74",,23.0,"17,84","11,418","17,70","15,10",17.84,23.0,11.418,17.7,15.1,2,False,True,6,6,0
GS.9.1,No,,H.9.1,X,X,X,X,X,X,X,X,X,X,P,,X,X,P,X,X,X,X,X,X,X,X,X,,"0,89","0,89","0,89","0,89","0,80","0,89","0,76","0,76","0,76","0,76","0,75",,"0,66","0,66","0,66","0,66","0,75","0,61","0,85","0,85","0,85","0,85","0,60","0,74",,"0,89","0,89","0,89","0,89","0,80","0,89","0,74","0,74","0,74","0,74","0,75",,"0,65","0,65","0,65","0,65","0,75","0,61","0,84","0,84","0,84","0,84","0,60","0,74",,"0,78","0,78","0,78","0,78","0,80","0,89","0,49","0,49","0,49","0,49","0,75",,"0,49","0,49","0,49","0,49","0,75","0,61","0,68","0,68","0,68","0,68","0,60","0,74",,23.0,"17,77","10,858","17,63","14,87",17.77,23.0,10.858,17.63,14.87,3,False,True,7,7,0
GS.4.7,No,,H.4.7,P,P,P,P,P,P,X,X,X,X,X,P,X,X,X,X,X,X,,X,X,P,P,P,,"0,89","0,89","0,89","0,89","0,80","0,89","0,76","0,76","0,76","0,76","0,75","0,72","0,66","0,66","0,66","0,66","0,75","0,61",,"0,85","0,85","0,85","0,60","0,74",,"0,89","0,89","0,89","0,89","0,80","0,89","0,74","0,74","0,74","0,74","0,75","0,72","0,65","0,65","0,65","0,65","0,75","0,61",,"0,84","0,84","0,84","0,60","0,74",,"0,78","0,78","0,78","0,78","0,80","0,89","0,49","0,49","0,49","0,49","0,75","0,72","0,49","0,49","0,49","0,49","0,75","0,61",,"0,68","0,68","0,68","0,60","0,74",,23.0,"17,64","10,728","17,51","14,92",17.64,23.0,10.728,17.51,14.92,4,False,True,8,8,0
GS.9.3,No,,H.9.3,X,X,X,X,X,,X,X,X,X,X,X,X,X,X,X,X,X,X,X,X,X,X,X,,"0,89","0,89","0,89","0,89","0,80",,"0,76","0,76","0,76","0,76","0,75","0,72","0,66","0,66","0,66","0,66","0,75","0,61","0,85","0,85","0,85","0,85","0,60","0,74",,"0,89","0,89","0,89","0,89","0,80",,"0,74","0,74","0,74","0,74","0,75","0,72","0,65","0,65","0,65","0,65","0,75","0,61","0,84","0,84","0,84","0,84","0,60","0,74",,"0,78","0,78","0,78","0,78","0,80",,"0,49","0,49","0,49","0,49","0,75","0,72","0,49","0,49","0,49","0,49","0,75","0,61","0,68","0,68","0,68","0,68","0,60","0,74",,23.0,"17,60","10,690","17,46","14,70",17.6,23.0,10.69,17.46,14.7,5,False,True,9,9,0
GS.2.1,No,,H.2.1,X,X,X,X,P,X,P,X,X,P,X,X,,,,X,X,,P,X,X,P,X,P,,"0,89","0,89","0,89","0,89","0,80","0,89","0,76","0,76","0,76","0,76","0,75","0,72",,,,"0,66","0,75",,"0,85","0,85","0,85","0,85","0,60","0,74",,"0,89","0,89","0,89","0,89","0,80","0,89","0,74","0,74","0,74","0,74","0,75","0,72",,,,"0,65","0,75",,"0,84","0,84","0,84","0,84","0,60","0,74",,"0,78","0,78","0,78","0,78","0,80","0,89","0,49","0,49","0,49","0,49","0,75","0,72",,,,"0,49","0,75",,"0,68","0,68","0,68","0,68","0,60","0,74",,20.0,"15,91","10,483","15,79","13,52",15.91,20.0,10.483,15.79,13.52,6,False,True,10,10,0
GS.5.2,No,,H.5.2,P,P,P,P,,,X,X,X,X,X,,,,,,,,X,X,X,X,,X,,"0,89","0,89","0,89","0,89",,,"0,76","0,76","0,76","0,76","0,75",,,,,,,,"0,85","0,85","0,85","0,85",,"0,74",,"0,89","0,89","0,89","0,89",,,"0,74","0,74","0,74","0,74","0,75",,,,,,,,"0,84","0,84","0,84","0,84",,"0,74",,"0,78","0,78","0,78","0,78",,,"0,49","0,49","0,49","0,49","0,75",,,,,,,,"0,68","0,68","0,68","0,68",,"0,74",,14.0,"11,49","6,551","11,37","9,26",11.49,14.0,6.551,11.37,9.26,7,False,True,11,11,0
GS.7.2,No,,H.7.2,,X,X,X,X,X,,,,,,X,P,,,P,P,P,X,X,X,X,,,,,"0,89","0,89","0,89","0,80","0,89",,,,,,"0,72","0,66",,,"0,66","0,75","0,61","0,85","0,85","0,85","0,85",,,,,"0,89","0,89","0,89","0,80","0,89",,,,,,"0,72","0,65",,,"0,65","0,75","0,61","0,84","0,84","0,84","0,84",,,,,"0,78","0,78","0,78","0,80","0,89",,,,,,"0,72","0,49",,,"0,49","0,75","0,61","0,68","0,68","0,68","0,68",,,,14.0,"11,17","8,186","11,11","9,78",11.17,14.0,8.186,11.11,9.78,8,False,True,12,12,0
GS.10.2,No,,H.10.2,X,P,X,X,X,,,,,,,X,X,X,X,,,X,P,P,P,P,,,,"0,89","0,89","0,89","0,89","0,80",,,,,,,"0,72","0,66","0,66","0,66",,,"0,61","0,85","0,85","0,85","0,85",,,,"0,89","0,89","0,89","0,89","0,80",,,,,,,"0,72","0,65","0,65","0,65",,,"0,61","0,84","0,84","0,84","0,84",,,,"0,78","0,78","0,78","0,78","0,80",,,,,,,"0,72","0,49","0,49","0,49",,,"0,61","0,68","0,68","0,68","0,68",,,,14.0,"11,07","6,929","11,01","9,41",11.07,14.0,6.929,11.01,9.41,9,False,True,13,13,0
GS.10.1,No,,H.10.1,,,,,X,P,,X,X,X,,,X,X,X,X,X,X,,X,,X,,X,,,,,,"0,80","0,89",,"0,76","0,76","0,76",,,"0,66","0,66","0,66","0,66","0,75","0,61",,"0,85",,"0,85",,"0,74",,,,,,"0,80","0,89",,"0,74","0,74","0,74",,,"0,65","0,65","0,65","0,65","0,75","0,61",,"0,84",,"0,84",,"0,74",,,,,,"0,80","0,89",,"0,49","0,49","0,49",,,"0,49","0,49","0,49","0,49","0,75","0,61",,"0,68",,"0,68",,"0,74",,14.0,"10,40","6,722","10,31","8,57",10.4,14.0,6.722,10.31,8.57,10,False,True,14,14,0
GS.4.1,No,,H.4.1,X,X,X,P,X,X,X,P,P,P,,P,,,,,P,P,,,,,,,,"0,89","0,89","0,89","0,89","0,80","0,89","0,76","0,76","0,76","0,76",,"0,72",,,,,"0,75","0,61",,,,,,,,"0,89","0,89","0,89","0,89","0,80","0,89","0,74","0,74","0,74","0,74",,"0,72",,,,,"0,75","0,61",,,,,,,,"0,78","0,78","0,78","0,78","0,80","0,89","0,49","0,49","0,49","0,49",,"0,72",,,,,"0,75","0,61",,,,,,,,13.0,"10,36","5,419","10,28","8,84",10.36,13.0,5.419,10.28,8.84,11,False,True,15,15,0
GS.4.5,No,,H.4.5,X,X,X,P,X,X,X,,P,P,,P,,,,,P,P,,,,,X,,,"0,89","0,89","0,89","0,89","0,80","0,89","0,76",,"0,76","0,76",,"0,72",,,,,"0,75","0,61",,,,,"0,60",,,"0,89","0,89","0,89","0,89","0,80","0,89","0,74",,"0,74","0,74",,"0,72",,,,,"0,75","0,61",,,,,"0,60",,,"0,78","0,78","0,78","0,78","0,80","0,89","0,49",,"0,49","0,49",,"0,72",,,,,"0,75","0,61",,,,,"0,60",,,13.0,"10,20","5,829","10,14","8,95",10.2,13.0,5.829,10.14,8.95,12,False,True,16,16,0
GS.4.3,No,,H.4.3,X,X,X,P,,X,P,P,P,P,,P,,,,,P,P,,,,,,,,"0,89","0,89","0,89","0,89",,"0,89","0,76","0,76","0,76","0,76",,"0,72",,,,,"0,75","0,61",,,,,,,,"0,89","0,89","0,89","0,89",,"0,89","0,74","0,74","0,74","0,74",,"0,72",,,,,"0,75","0,61",,,,,,,,"0,78","0,78","0,78","0,78",,"0,89","0,49","0,49","0,49","0,49",,"0,72",,,,,"0,75","0,61",,,,,,,,12.0,"9,56","4,619","9,48","8,04",9.56,12.0,4.619,9.48,8.04,13,False,True,17,17,0
GS.10.3,No,,H.10.3,X,,,X,,X,X,,,,X,X,P,P,,,,,X,,,X,X,X,,"0,89",,,"0,89",,"0,89","0,76",,,,"0,75","0,72","0,66","0,66",,,,,"0,85",,,"0,85","0,60","0,74",,"0,89",,,"0,89",,"0,89","0,74",,,,"0,75","0,72","0,65","0,65",,,,,"0,84",,,"0,84","0,60","0,74",,"0,78",,,"0,78",,"0,89","0,49",,,,"0,75","0,72","0,49","0,49",,,,,"0,68",,,"0,68","0,60","0,74",,12.0,"9,26","6,375","9,21","8,08",9.26,12.0,6.375,9.21,8.08,14,False,True,18,18,0
GS.7.3,No,,H.7.3,,,X,X,,X,X,X,X,X,,,,,,,X,,X,,X,X,,,,,,"0,89","0,89",,"0,89","0,76","0,76","0,76","0,76",,,,,,,"0,75",,"0,85",,"0,85","0,85",,,,,,"0,89","0,89",,"0,89","0,74","0,74","0,74","0,74",,,,,,,"0,75",,"0,84",,"0,84","0,84",,,,,,"0,78","0,78",,"0,89","0,49","0,49","0,49","0,49",,,,,,,"0,75",,"0,68",,"0,68","0,68",,,,11.0,"9,02","5,409","8,91","7,19",9.02,11.0,5.409,8.91,7.19,15,False,True,19,19,0
GS.4.2,No,,H.4.2,X,X,X,P,X,X,,P,P,P,,,,,,,P,P,,,,,,,,"0,89","0,89","0,89","0,89","0,80","0,89",,"0,76","0,76","0,76",,,,,,,"0,75","0,61",,,,,,,,"0,89","0,89","0,89","0,89","0,80","0,89",,"0,74","0,74","0,74",,,,,,,"0,75","0,61",,,,,,,,"0,78","0,78","0,78","0,78","0,80","0,89",,"0,49","0,49","0,49",,,,,,,"0,75","0,61",,,,,,,,11.0,"8,87","4,505","8,82","7,63",8.87,11.0,4.505,8.82,7.63,16,False,True,20,20,0
GS.10.5,No,,,,X,X,X,,X,,,,,X,,,,,,,,X,X,X,X,,,,,"0,89","0,89","0,89",,"0,89",,,,,"0,75",,,,,,,,"0,85","0,85","0,85","0,85",,,,,"0,89","0,89","0,89",,"0,89",,,,,"0,75",,,,,,,,"0,84","0,84","0,84","0,84",,,,,"0,78","0,78","0,78",,"0,89",,,,,"0,75",,,,,,,,"0,68","0,68","0,68","0,68",,,,9.0,"7,72","5,727","7,67","6,67",7.72,9.0,5.727,7.67,6.67,17,False,True,21,21,0
L0.3.3; L0_ii.3.2; L1.3.2; Q0_ii.3.2; Q0_iii.3.3; Q0_iv.3.1; Q1.3.7; Q2.3.1; M0_ii.3.1; M0_iii.3.1,Yes,Scope misalignment,,X,X,,,X,,,X,X,X,X,X,,X,X,,,,,,,,,,,"0,89","0,89",,,"0,80",,,"0,76","0,76","0,76","0,75","0,72",,"0,66","0,66",,,,,,,,,,,"0,89","0,89",,,"0,80",,,"0,74","0,74","0,74","0,75","0,72",,"0,65","0,65",,,,,,,,,,,"0,78","0,78",,,"0,80",,,"0,49","0,49","0,49","0,75","0,72",,"0,49","0,49",,,,,,,,,,,10.0,"7,64","3,616","7,58","6,28",7.64,10.0,3.616,7.58,6.28,18,True,False,22,21,1
GS.3.2,No,,H.3.2,X,X,P,P,P,,,,,,X,X,,,,,,,,,,X,P,,,"0,89","0,89","0,89","0,89","0,80",,,,,,"0,75","0,72",,,,,,,,,,"0,85","0,60",,,"0,89","0,89","0,89","0,89","0,80",,,,,,"0,75","0,72",,,,,,,,,,"0,84","0,60",,,"0,78","0,78","0,78","0,78","0,80",,,,,,"0,75","0,72",,,,,,,,,,"0,68","0,60",,,9.0,"7,28","4,616","7,27","6,65",7.28,9.0,4.616,7.27,6.65,19,False,True,23,22,1
GS.3.4,No,,H.3.4,,X,,,,,X,X,X,P,,,,,,,,,X,X,,P,,,,,"0,89",,,,,"0,76","0,76","0,76","0,76",,,,,,,,,"0,85","0,85",,"0,85",,,,,"0,89",,,,,"0,74","0,74","0,74","0,74",,,,,,,,,"0,84","0,84",,"0,84",,,,,"0,78",,,,,"0,49","0,49","0,49","0,49",,,,,,,,,"0,68","0,68",,"0,68",,,,8.0,"6,49","3,545","6,38","4,77",6.49,8.0,3.545,6.38,4.77,20,False,True,24,23,1
GS.4.8,No,,H.4.8,P,,,,,,P,P,P,P,,,,,,,,X,P,P,,,,,,"0,89",,,,,,"0,76","0,76","0,76","0,76",,,,,,,,"0,61","0,85","0,85",,,,,,"0,89",,,,,,"0,74","0,74","0,74","0,74",,,,,,,,"0,61","0,84","0,84",,,,,,"0,78",,,,,,"0,49","0,49","0,49","0,49",,,,,,,,"0,61","0,68","0,68",,,,,,8.0,"6,24","3,296","6,14","4,70",6.24,8.0,3.296,6.14,4.7,21,False,True,25,24,1
GS.3.6,No,,,,,,,X,,X,,,,X,X,,,,,X,,,,X,,X,X,,,,,,"0,80",,"0,76",,,,"0,75","0,72",,,,,"0,75",,,,"0,85",,"0,60","0,74",,,,,,"0,80",,"0,74",,,,"0,75","0,72",,,,,"0,75",,,,"0,84",,"0,60","0,74",,,,,,"0,80",,"0,49",,,,"0,75","0,72",,,,,"0,75",,,,"0,68",,"0,60","0,74",,8.0,"5,97","5,405","5,94","5,53",5.97,8.0,5.405,5.94,5.53,22,False,True,26,25,1
GS.5.3,No,,,X,X,X,X,X,X,,,,,,,,,,,,,,,,,,,,"0,89","0,89","0,89","0,89","0,80","0,89",,,,,,,,,,,,,,,,,,,,"0,89","0,89","0,89","0,89","0,80","0,89",,,,,,,,,,,,,,,,,,,,"0,78","0,78","0,78","0,78","0,80","0,89",,,,,,,,,,,,,,,,,,,,6.0,"5,24","2,580","5,24","4,80",5.24,6.0,2.58,5.24,4.8,23,False,True,27,26,1
GS.9.2,No,,H.9.2,X,X,X,X,,,X,,,,,,P,,,,,,,,,,,,,"0,89","0,89","0,89","0,89",,,"0,76",,,,,,"0,66",,,,,,,,,,,,,"0,89","0,89","0,89","0,89",,,"0,74",,,,,,"0,65",,,,,,,,,,,,,"0,78","0,78","0,78","0,78",,,"0,49",,,,,,"0,49",,,,,,,,,,,,,6.0,"4,96","1,241","4,94","4,09",4.96,6.0,1.241,4.94,4.09,24,False,True,28,27,1
GS.9.6,No,,,,,,,,,,,,,,X,,,,,,X,X,X,X,X,,,,,,,,,,,,,,,"0,72",,,,,,"0,61","0,85","0,85","0,85","0,85",,,,,,,,,,,,,,,"0,72",,,,,,"0,61","0,84","0,84","0,84","0,84",,,,,,,,,,,,,,,"0,72",,,,,,"0,61","0,68","0,68","0,68","0,68",,,,6.0,"4,75","4,749","4,70","4,03",4.75,6.0,4.749,4.7,4.03,25,False,True,29,28,1
GS.4.4,No,,H.4.4,X,,,,,,X,,P,P,,,,,,,P,P,,,,,,,,"0,89",,,,,,"0,76",,"0,76","0,76",,,,,,,"0,75","0,61",,,,,,,,"0,89",,,,,,"0,74",,"0,74","0,74",,,,,,,"0,75","0,61",,,,,,,,"0,78",,,,,,"0,49",,"0,49","0,49",,,,,,,"0,75","0,61",,,,,,,,6.0,"4,52","2,147","4,46","3,61",4.52,6.0,2.147,4.46,3.61,26,False,True,30,29,1
GS.7.5,No,,,X,,,,,X,,,,,,,X,X,,,X,X,,,,,,,,"0,89",,,,,"0,89",,,,,,,"0,66","0,66",,,"0,75","0,61",,,,,,,,"0,89",,,,,"0,89",,,,,,,"0,65","0,65",,,"0,75","0,61",,,,,,,,"0,78",,,,,"0,89",,,,,,,"0,49","0,49",,,"0,75","0,61",,,,,,,,6.0,"4,45","2,800","4,44","4,01",4.45,6.0,2.8,4.44,4.01,27,False,True,31,30,1
GS.3.5,No,,H.3.5,X,X,X,X,X,,,,,,,,,,,,,,,,,,,,,"0,89","0,89","0,89","0,89","0,80",,,,,,,,,,,,,,,,,,,,,"0,89","0,89","0,89","0,89","0,80",,,,,,,,,,,,,,,,,,,,,"0,78","0,78","0,78","0,78","0,80",,,,,,,,,,,,,,,,,,,,,5.0,"4,35","1,687","4,35","3,90",4.35,5.0,1.687,4.35,3.9,28,False,True,32,31,1
GS.4.12,No,,,X,,,,X,,,,,,,,X,X,X,X,,,,,,,,,,"0,89",,,,"0,80",,,,,,,,"0,66","0,66","0,66","0,66",,,,,,,,,,"0,89",,,,"0,80",,,,,,,,"0,65","0,65","0,65","0,65",,,,,,,,,,"0,78",,,,"0,80",,,,,,,,"0,49","0,49","0,49","0,49",,,,,,,,,,6.0,"4,32","1,680","4,30","3,54",4.32,6.0,1.68,4.3,3.54,29,False,True,33,32,1
GS.4.10,No,,,X,,,,X,,,,,,,,X,X,X,X,,,,,,,,,,"0,89",,,,"0,80",,,,,,,,"0,66","0,66","0,66","0,66",,,,,,,,,,"0,89",,,,"0,80",,,,,,,,"0,65","0,65","0,65","0,65",,,,,,,,,,"0,78",,,,"0,80",,,,,,,,"0,49","0,49","0,49","0,49",,,,,,,,,,6.0,"4,32","1,680","4,30","3,54",4.32,6.0,1.68,4.3,3.54,29,False,True,34,33,1
L0_iv.10.4; G0.10.1; G0_iii.10.3; G0_iv.10.2; G2.10.1,Yes,Architectural infeasibility,,,,,X,,,,,,,,,,,,,,,X,,X,X,,X,,,,,"0,89",,,,,,,,,,,,,,,"0,85",,"0,85","0,85",,"0,74",,,,,"0,89",,,,,,,,,,,,,,,"0,84",,"0,84","0,84",,"0,74",,,,,"0,78",,,,,,,,,,,,,,,"0,68",,"0,68","0,68",,"0,74",,5.0,"4,19","3,523","4,15","3,54",4.19,5.0,3.523,4.15,3.54,30,True,False,35,33,2
GS.10.11,No,,,X,X,X,X,,,,,,,,,,,,,,,,,,,,,,"0,89","0,89","0,89","0,89",,,,,,,,,,,,,,,,,,,,,,"0,89","0,89","0,89","0,89",,,,,,,,,,,,,,,,,,,,,,"0,78","0,78","0,78","0,78",,,,,,,,,,,,,,,,,,,,,,4.0,"3,55","0,887","3,55","3,10",3.55,4.0,0.887,3.55,3.1,31,False,True,36,34,2
GS.6.2,No,,,X,X,X,X,,,,,,,,,,,,,,,,,,,,,,"0,89","0,89","0,89","0,89",,,,,,,,,,,,,,,,,,,,,,"0,89","0,89","0,89","0,89",,,,,,,,,,,,,,,,,,,,,,"0,78","0,78","0,78","0,78",,,,,,,,,,,,,,,,,,,,,,4.0,"3,55","0,887","3,55","3,10",3.55,4.0,0.887,3.55,3.1,31,False,True,37,35,2
GS.9.4,No,,,X,X,X,X,,,,,,,,,,,,,,,,,,,,,,"0,89","0,89","0,89","0,89",,,,,,,,,,,,,,,,,,,,,,"0,89","0,89","0,89","0,89",,,,,,,,,,,,,,,,,,,,,,"0,78","0,78","0,78","0,78",,,,,,,,,,,,,,,,,,,,,,4.0,"3,55","0,887","3,55","3,10",3.55,4.0,0.887,3.55,3.1,31,False,True,38,36,2
GS.8.2,No,,,X,X,X,X,,,,,,,,,,,,,,,,,,,,,,"0,89","0,89","0,89","0,89",,,,,,,,,,,,,,,,,,,,,,"0,89","0,89","0,89","0,89",,,,,,,,,,,,,,,,,,,,,,"0,78","0,78","0,78","0,78",,,,,,,,,,,,,,,,,,,,,,4.0,"3,55","0,887","3,55","3,10",3.55,4.0,0.887,3.55,3.1,31,False,True,39,37,2
GS.4.11,No,,,X,,,,,,,,,,,,X,X,X,X,,,,,,,,,,"0,89",,,,,,,,,,,,"0,66","0,66","0,66","0,66",,,,,,,,,,"0,89",,,,,,,,,,,,"0,65","0,65","0,65","0,65",,,,,,,,,,"0,78",,,,,,,,,,,,"0,49","0,49","0,49","0,49",,,,,,,,,,5.0,"3,52","0,880","3,50","2,74",3.52,5.0,0.88,3.5,2.74,32,False,True,40,38,2
L0_iii.2.5; L1.2.1. M0_ii.2.2; M0_iii.2.3,Yes,Scope misalignment,,,,X,,X,,,,,,,,,X,X,,,,,,,,,,,,,"0,89",,"0,80",,,,,,,,,"0,66","0,66",,,,,,,,,,,,,"0,89",,"0,80",,,,,,,,,"0,65","0,65",,,,,,,,,,,,,"0,78",,"0,80",,,,,,,,,"0,49","0,49",,,,,,,,,,,4.0,"3,00","1,351","3,00","2,56",3.0,4.0,1.351,3.0,2.56,33,True,False,41,38,3
GS.4.16,No,,,,,,,,,X,X,X,X,,,,,,,,,,,,,,,,,,,,,,"0,76","0,76","0,76","0,76",,,,,,,,,,,,,,,,,,,,,,"0,74","0,74","0,74","0,74",,,,,,,,,,,,,,,,,,,,,,"0,49","0,49","0,49","0,49",,,,,,,,,,,,,,,,4.0,"3,04","0,759","2,96","1,97",3.04,4.0,0.759,2.96,1.97,34,False,True,42,39,3
GS.4.17,No,,,,,,,,,X,X,X,X,,,,,,,,,,,,,,,,,,,,,,"0,76","0,76","0,76","0,76",,,,,,,,,,,,,,,,,,,,,,"0,74","0,74","0,74","0,74",,,,,,,,,,,,,,,,,,,,,,"0,49","0,49","0,49","0,49",,,,,,,,,,,,,,,,4.0,"3,04","0,759","2,96","1,97",3.04,4.0,0.759,2.96,1.97,34,False,True,43,40,3
GS.4.15,No,,,,,,,,,X,X,X,X,,,,,,,,,,,,,,,,,,,,,,"0,76","0,76","0,76","0,76",,,,,,,,,,,,,,,,,,,,,,"0,74","0,74","0,74","0,74",,,,,,,,,,,,,,,,,,,,,,"0,49","0,49","0,49","0,49",,,,,,,,,,,,,,,,4.0,"3,04","0,759","2,96","1,97",3.04,4.0,0.759,2.96,1.97,34,False,True,44,41,3
GS.5.6,No,,,,,,,,,,X,X,,,,,,,,,,,,X,,X,,,,,,,,,,"0,76","0,76",,,,,,,,,,,,"0,85",,"0,60",,,,,,,,,,"0,74","0,74",,,,,,,,,,,,"0,84",,"0,60",,,,,,,,,,"0,49","0,49",,,,,,,,,,,,"0,68",,"0,60",,,4.0,"2,97","1,834","2,92","2,26",2.97,4.0,1.834,2.92,2.26,35,False,True,45,42,3
GS.7.6,No,,,X,,X,X,,,,,,,,,,,,,,,,,,,,,,"0,89",,"0,89","0,89",,,,,,,,,,,,,,,,,,,,,,"0,89",,"0,89","0,89",,,,,,,,,,,,,,,,,,,,,,"0,78",,"0,78","0,78",,,,,,,,,,,,,,,,,,,,,,3.0,"2,66","0,665","2,66","2,33",2.66,3.0,0.665,2.66,2.33,36,False,True,46,43,3
GS.9.8,No,,,,X,X,,,,,,,,,,,,,,,,X,,,,,,,,"0,89","0,89",,,,,,,,,,,,,,,,"0,85",,,,,,,,"0,89","0,89",,,,,,,,,,,,,,,,"0,84",,,,,,,,"0,78","0,78",,,,,,,,,,,,,,,,"0,68",,,,,,,3.0,"2,63","1,298","2,62","2,23",2.63,3.0,1.298,2.62,2.23,37,False,True,47,44,3
M0.2.1; M0_ii.2.1; M0_iii.2.1,Yes,Scope misalignment,,,,,,,,,,,,,,X,X,X,,,X,,,,,,,,,,,,,,,,,,,,"0,66","0,66","0,66",,,"0,61",,,,,,,,,,,,,,,,,,,,"0,65","0,65","0,65",,,"0,61",,,,,,,,,,,,,,,,,,,,"0,49","0,49","0,49",,,"0,61",,,,,,,,4.0,"2,58","1,100","2,57","2,08",2.58,4.0,1.1,2.57,2.08,38,True,False,48,44,4
GS.4.19,No,,,,,,,,,,,,,,,,,,,,,X,,X,X,,,,,,,,,,,,,,,,,,,,,,"0,85",,"0,85","0,85",,,,,,,,,,,,,,,,,,,,,,"0,84",,"0,84","0,84",,,,,,,,,,,,,,,,,,,,,,"0,68",,"0,68","0,68",,,,3.0,"2,56","2,564","2,53","2,03",2.56,3.0,2.564,2.53,2.03,39,False,True,49,45,4
GS.10.6,No,,,,,X,,,X,,,,,,,X,,,,,,,,,,,,,,,"0,89",,,"0,89",,,,,,,"0,66",,,,,,,,,,,,,,,"0,89",,,"0,89",,,,,,,"0,65",,,,,,,,,,,,,,,"0,78",,,"0,89",,,,,,,"0,49",,,,,,,,,,,,,3.0,"2,44","1,279","2,43","2,16",2.44,3.0,1.279,2.43,2.16,40,False,True,50,46,4
L1.3.4; Q1.3.9; Q2.3.5,Yes,Template drift,,,,,,X,,,,,,X,X,,,,,,,,,,,,,,,,,,"0,80",,,,,,"0,75","0,72",,,,,,,,,,,,,,,,,,"0,80",,,,,,"0,75","0,72",,,,,,,,,,,,,,,,,,"0,80",,,,,,"0,75","0,72",,,,,,,,,,,,,,3.0,"2,27","2,274","2,27","2,27",2.27,3.0,2.274,2.27,2.27,41,True,False,51,46,5
GS.4.18,No,,,,,,,,,,,,X,,X,,,X,,,,,,,,,,,,,,,,,,,,"0,76",,"0,72",,,"0,66",,,,,,,,,,,,,,,,,,,,"0,74",,"0,72",,,"0,65",,,,,,,,,,,,,,,,,,,,"0,49",,"0,72",,,"0,49",,,,,,,,,,,3.0,"2,14","1,078","2,12","1,71",2.14,3.0,1.078,2.12,1.71,42,False,True,52,47,5
M0_ii.8.3; M1.8.2; M2.8.3,Yes,Architectural infeasibility,,,,,,,,,,,,,,,X,,,X,X,,,,,,,,,,,,,,,,,,,,,"0,66",,,"0,75","0,61",,,,,,,,,,,,,,,,,,,,,"0,65",,,"0,75","0,61",,,,,,,,,,,,,,,,,,,,,"0,49",,,"0,75","0,61",,,,,,,,3.0,"2,01","1,521","2,01","1,85",2.01,3.0,1.521,2.01,1.85,43,True,False,53,47,6
M0_ii.8.4; M1.8.3; M2.8.4,Yes,Architectural infeasibility,,,,,,,,,,,,,,,X,,,X,X,,,,,,,,,,,,,,,,,,,,,"0,66",,,"0,75","0,61",,,,,,,,,,,,,,,,,,,,,"0,65",,,"0,75","0,61",,,,,,,,,,,,,,,,,,,,,"0,49",,,"0,75","0,61",,,,,,,,3.0,"2,01","1,521","2,01","1,85",2.01,3.0,1.521,2.01,1.85,43,True,False,54,47,7
L0.5.4; L0_iv.5.3,Yes,Responsibility leakage,,X,,,X,,,,,,,,,,,,,,,,,,,,,,"0,89",,,"0,89",,,,,,,,,,,,,,,,,,,,,,"0,89",,,"0,89",,,,,,,,,,,,,,,,,,,,,,"0,78",,,"0,78",,,,,,,,,,,,,,,,,,,,,,2.0,"1,77","0,443","1,77","1,55",1.77,2.0,0.443,1.77,1.55,44,True,False,55,47,8
GS.7.4,No,,,X,,,X,,,,,,,,,,,,,,,,,,,,,,"0,89",,,"0,89",,,,,,,,,,,,,,,,,,,,,,"0,89",,,"0,89",,,,,,,,,,,,,,,,,,,,,,"0,78",,,"0,78",,,,,,,,,,,,,,,,,,,,,,2.0,"1,77","0,443","1,77","1,55",1.77,2.0,0.443,1.77,1.55,44,False,True,56,48,8
L0_ii.2.1; L0_iii.2.2,Yes,Scope misalignment,,,X,X,,,,,,,,,,,,,,,,,,,,,,,,"0,89","0,89",,,,,,,,,,,,,,,,,,,,,,,,"0,89","0,89",,,,,,,,,,,,,,,,,,,,,,,,"0,78","0,78",,,,,,,,,,,,,,,,,,,,,,,2.0,"1,77","0,443","1,77","1,55",1.77,2.0,0.443,1.77,1.55,44,True,False,57,48,9
GS.6.4,No,,,,,,,,,,,,,,,,,,,,,X,,X,,,,,,,,,,,,,,,,,,,,,,,"0,85",,"0,85",,,,,,,,,,,,,,,,,,,,,,,"0,84",,"0,84",,,,,,,,,,,,,,,,,,,,,,,"0,68",,"0,68",,,,,2.0,"1,71","1,709","1,68","1,35",1.71,2.0,1.709,1.68,1.35,45,False,True,58,49,9
L0_iii.7.8; Q0_iii.7.4,Yes,Template drift,,,,X,,,,,,X,,,,,,,,,,,,,,,,,,,"0,89",,,,,,"0,76",,,,,,,,,,,,,,,,,,,"0,89",,,,,,"0,74",,,,,,,,,,,,,,,,,,,"0,78",,,,,,"0,49",,,,,,,,,,,,,,,,,2.0,"1,65","0,411","1,63","1,27",1.65,2.0,0.411,1.63,1.27,46,True,False,59,49,10
L0_iii.7.5; M0_ii.7.4,Yes,Contextual misfit,,,,X,,,,,,,,,,,X,,,,,,,,,,,,,,"0,89",,,,,,,,,,,"0,66",,,,,,,,,,,,,,"0,89",,,,,,,,,,,"0,65",,,,,,,,,,,,,,"0,78",,,,,,,,,,,"0,49",,,,,,,,,,,,2.0,"1,54","0,386","1,54","1,27",1.54,2.0,0.386,1.54,1.27,47,True,False,60,49,11
GS.2.3,No,,,X,,,,,,,,,,,,,,,X,,,,,,,,,,"0,89",,,,,,,,,,,,,,,"0,66",,,,,,,,,,"0,89",,,,,,,,,,,,,,,"0,65",,,,,,,,,,"0,78",,,,,,,,,,,,,,,"0,49",,,,,,,,,,2.0,"1,54","0,386","1,54","1,27",1.54,2.0,0.386,1.54,1.27,47,False,True,61,50,11
Q0.10.4; Q1.10.4,Yes,Template drift,,,,,,,,X,,,,X,,,,,,,,,,,,,,,,,,,,,"0,76",,,,"0,75",,,,,,,,,,,,,,,,,,,,,"0,74",,,,"0,75",,,,,,,,,,,,,,,,,,,,,"0,49",,,,"0,75",,,,,,,,,,,,,,,2.0,"1,51","0,940","1,49","1,24",1.51,2.0,0.94,1.49,1.24,48,True,False,62,50,12
Q0_ii.10.4; Q0_iii.10.3,Yes,Template drift,,,,,,,,,X,X,,,,,,,,,,,,,,,,,,,,,,,,"0,76","0,76",,,,,,,,,,,,,,,,,,,,,,,,"0,74","0,74",,,,,,,,,,,,,,,,,,,,,,,,"0,49","0,49",,,,,,,,,,,,,,,,,2.0,"1,52","0,379","1,48","0,98",1.52,2.0,0.379,1.48,0.98,49,True,False,63,50,13
GS.4.6,No,,H.4.6,,,,,,,,X,,X,,,,,,,,,,,,,,,,,,,,,,,"0,76",,"0,76",,,,,,,,,,,,,,,,,,,,,,,"0,74",,"0,74",,,,,,,,,,,,,,,,,,,,,,,"0,49",,"0,49",,,,,,,,,,,,,,,,2.0,"1,52","0,379","1,48","0,98",1.52,2.0,0.379,1.48,0.98,49,False,True,64,51,13
Q0_iv.4.4; Q2.4.1,Yes,Scope misalignment,,,,,,,,,,,X,,X,,,,,,,,,,,,,,,,,,,,,,,"0,76",,"0,72",,,,,,,,,,,,,,,,,,,,,,,"0,74",,"0,72",,,,,,,,,,,,,,,,,,,,,,,"0,49",,"0,72",,,,,,,,,,,,,,2.0,"1,48","0,914","1,46","1,22",1.48,2.0,0.914,1.46,1.22,50,True,False,65,51,14
M0_ii.8.5; M1.8.4,Yes,Architectural infeasibility,,,,,,,,,,,,,,,X,,,X,,,,,,,,,,,,,,,,,,,,,,"0,66",,,"0,75",,,,,,,,,,,,,,,,,,,,,,"0,65",,,"0,75",,,,,,,,,,,,,,,,,,,,,,"0,49",,,"0,75",,,,,,,,,2.0,"1,41","0,915","1,40","1,24",1.41,2.0,0.915,1.4,1.24,51,True,False,66,51,15
Q0_iii.2.4; M0_ii.2.4,Yes,Scope misalignment,,,,,,,,,,X,,,,,X,,,,,,,,,,,,,,,,,,,,"0,76",,,,,"0,66",,,,,,,,,,,,,,,,,,,,"0,74",,,,,"0,65",,,,,,,,,,,,,,,,,,,,"0,49",,,,,"0,49",,,,,,,,,,,,2.0,"1,42","0,354","1,39","0,98",1.42,2.0,0.354,1.39,0.98,52,True,False,67,51,16
M1.10.4; M2.10.3,Yes,Architectural infeasibility,,,,,,,,,,,,,,,,,,X,X,,,,,,,,,,,,,,,,,,,,,,,,"0,75","0,61",,,,,,,,,,,,,,,,,,,,,,,,"0,75","0,61",,,,,,,,,,,,,,,,,,,,,,,,"0,75","0,61",,,,,,,,2.0,"1,36","1,356","1,36","1,36",1.36,2.0,1.356,1.36,1.36,53,True,False,68,51,17
M1.10.5; M2.10.4,Yes,Architectural infeasibility,,,,,,,,,,,,,,,,,,X,X,,,,,,,,,,,,,,,,,,,,,,,,"0,75","0,61",,,,,,,,,,,,,,,,,,,,,,,,"0,75","0,61",,,,,,,,,,,,,,,,,,,,,,,,"0,75","0,61",,,,,,,,2.0,"1,36","1,356","1,36","1,36",1.36,2.0,1.356,1.36,1.36,53,True,False,69,51,18
M1.10.3; M2.10.2,Yes,Architectural infeasibility,,,,,,,,,,,,,,,,,,X,X,,,,,,,,,,,,,,,,,,,,,,,,"0,75","0,61",,,,,,,,,,,,,,,,,,,,,,,,"0,75","0,61",,,,,,,,,,,,,,,,,,,,,,,,"0,75","0,61",,,,,,,,2.0,"1,36","1,356","1,36","1,36",1.36,2.0,1.356,1.36,1.36,53,True,False,70,51,19
G1.3.5; G2.3.5,Yes,Template drift,,,,,,,,,,,,,,,,,,,,,,,,X,X,,,,,,,,,,,,,,,,,,,,,,,,"0,60","0,74",,,,,,,,,,,,,,,,,,,,,,,,"0,60","0,74",,,,,,,,,,,,,,,,,,,,,,,,"0,60","0,74",,2.0,"1,34","1,337","1,34","1,34",1.34,2.0,1.337,1.34,1.34,54,True,False,71,51,20
M0_ii.3.2; M0_iv.3.2,Yes,Scope misalignment,,,,,,,,,,,,,,,X,,X,,,,,,,,,,,,,,,,,,,,,,,"0,66",,"0,66",,,,,,,,,,,,,,,,,,,,,,,"0,65",,"0,65",,,,,,,,,,,,,,,,,,,,,,,"0,49",,"0,49",,,,,,,,,,2.0,"1,32","0,329","1,31","0,98",1.32,2.0,0.329,1.31,0.98,55,True,False,72,51,21
M0.2.4; M0_iii.2.5,Yes,Architectural infeasibility,,,,,,,,,,,,,,X,,X,,,,,,,,,,,,,,,,,,,,,,,"0,66",,"0,66",,,,,,,,,,,,,,,,,,,,,,,"0,65",,"0,65",,,,,,,,,,,,,,,,,,,,,,,"0,49",,"0,49",,,,,,,,,,,2.0,"1,32","0,329","1,31","0,98",1.32,2.0,0.329,1.31,0.98,55,True,False,73,51,22
M0.2.2; M0_ii.2.3; M2.2.3,Yes,Architectural infeasibility,,,,,,,,,,,,,,X,X,,,,,,,,,,,,,,,,,,,,,,,,"0,66","0,66",,,,,,,,,,,,,,,,,,,,,,,,"0,65","0,65",,,,,,,,,,,,,,,,,,,,,,,,"0,49","0,49",,,,,,,,,,,,2.0,"1,32","0,329","1,31","0,98",1.32,2.0,0.329,1.31,0.98,55,True,False,74,51,23
M0_ii.3.3; M0_iv.3.3,Yes,Scope misalignment,,,,,,,,,,,,,,,X,,X,,,,,,,,,,,,,,,,,,,,,,,"0,66",,"0,66",,,,,,,,,,,,,,,,,,,,,,,"0,65",,"0,65",,,,,,,,,,,,,,,,,,,,,,,"0,49",,"0,49",,,,,,,,,,2.0,"1,32","0,329","1,31","0,98",1.32,2.0,0.329,1.31,0.98,55,True,False,75,51,24
M0_ii.8.2; M0_iii.8.1,Yes,Architectural infeasibility,,,,,,,,,,,,,,,X,X,,,,,,,,,,,,,,,,,,,,,,,,"0,66","0,66",,,,,,,,,,,,,,,,,,,,,,,,"0,65","0,65",,,,,,,,,,,,,,,,,,,,,,,,"0,49","0,49",,,,,,,,,,,2.0,"1,32","0,329","1,31","0,98",1.32,2.0,0.329,1.31,0.98,55,True,False,76,51,25
GS.5.5,No,,,,,,,,,,,,,,,X,,,X,,,,,,,,,,,,,,,,,,,,,,"0,66",,,"0,66",,,,,,,,,,,,,,,,,,,,,,"0,65",,,"0,65",,,,,,,,,,,,,,,,,,,,,,"0,49",,,"0,49",,,,,,,,,,2.0,"1,32","0,329","1,31","0,98",1.32,2.0,0.329,1.31,0.98,55,False,True,77,52,25
M0.5.3; M0_iii.5.3,Yes,Architectural infeasibility,,,,,,,,,,,,,,X,,X,,,,,,,,,,,,,,,,,,,,,,,"0,66",,"0,66",,,,,,,,,,,,,,,,,,,,,,,"0,65",,"0,65",,,,,,,,,,,,,,,,,,,,,,,"0,49",,"0,49",,,,,,,,,,,2.0,"1,32","0,329","1,31","0,98",1.32,2.0,0.329,1.31,0.98,55,True,False,78,52,26
GS.10.7,No,,,,,,,,X,,,,,,,,,,,,,,,,,,,,,,,,,"0,89",,,,,,,,,,,,,,,,,,,,,,,,,"0,89",,,,,,,,,,,,,,,,,,,,,,,,,"0,89",,,,,,,,,,,,,,,,,,,,1.0,"0,89","0,893","0,89","0,89",0.89,1.0,0.893,0.89,0.89,56,False,True,79,53,26
L0_iv.10.5,Yes,Template drift,,,,,X,,,,,,,,,,,,,,,,,,,,,,,,,"0,89",,,,,,,,,,,,,,,,,,,,,,,,,"0,89",,,,,,,,,,,,,,,,,,,,,,,,,"0,78",,,,,,,,,,,,,,,,,,,,,,1.0,"0,89","0,222","0,89","0,78",0.89,1.0,0.222,0.89,0.78,56,True,False,80,53,27
L0_iii.8.5,Yes,Template drift,,,,X,,,,,,,,,,,,,,,,,,,,,,,,,"0,89",,,,,,,,,,,,,,,,,,,,,,,,,"0,89",,,,,,,,,,,,,,,,,,,,,,,,,"0,78",,,,,,,,,,,,,,,,,,,,,,,1.0,"0,89","0,222","0,89","0,78",0.89,1.0,0.222,0.89,0.78,56,True,False,81,53,28
GS.9.5,No,,,,,,,,X,,,,,,,,,,,,,,,,,,,,,,,,,"0,89",,,,,,,,,,,,,,,,,,,,,,,,,"0,89",,,,,,,,,,,,,,,,,,,,,,,,,"0,89",,,,,,,,,,,,,,,,,,,,1.0,"0,89","0,893","0,89","0,89",0.89,1.0,0.893,0.89,0.89,56,False,True,82,54,28
GS.10.4,No,,,X,,,,,,,,,,,,,,,,,,,,,,,,,"0,89",,,,,,,,,,,,,,,,,,,,,,,,,"0,89",,,,,,,,,,,,,,,,,,,,,,,,,"0,78",,,,,,,,,,,,,,,,,,,,,,,,,1.0,"0,89","0,222","0,89","0,78",0.89,1.0,0.222,0.89,0.78,56,False,True,83,55,28
GS.7.9,No,,,,,X,,,,,,,,,,,,,,,,,,,,,,,,,"0,89",,,,,,,,,,,,,,,,,,,,,,,,,"0,89",,,,,,,,,,,,,,,,,,,,,,,,,"0,78",,,,,,,,,,,,,,,,,,,,,,,1.0,"0,89","0,222","0,89","0,78",0.89,1.0,0.222,0.89,0.78,56,False,True,84,56,28
L0_iii.7.2,Yes,Contextual misfit,,,,X,,,,,,,,,,,,,,,,,,,,,,,,,"0,89",,,,,,,,,,,,,,,,,,,,,,,,,"0,89",,,,,,,,,,,,,,,,,,,,,,,,,"0,78",,,,,,,,,,,,,,,,,,,,,,,1.0,"0,89","0,222","0,89","0,78",0.89,1.0,0.222,0.89,0.78,56,True,False,85,56,29
L2.10.2,Yes,Template drift,,,,,,,X,,,,,,,,,,,,,,,,,,,,,,,,,"0,89",,,,,,,,,,,,,,,,,,,,,,,,,"0,89",,,,,,,,,,,,,,,,,,,,,,,,,"0,89",,,,,,,,,,,,,,,,,,,,1.0,"0,89","0,893","0,89","0,89",0.89,1.0,0.893,0.89,0.89,56,True,False,86,56,30
L0_ii.6.2,Yes,Template drift,,,X,,,,,,,,,,,,,,,,,,,,,,,,,"0,89",,,,,,,,,,,,,,,,,,,,,,,,,"0,89",,,,,,,,,,,,,,,,,,,,,,,,,"0,78",,,,,,,,,,,,,,,,,,,,,,,,1.0,"0,89","0,222","0,89","0,78",0.89,1.0,0.222,0.89,0.78,56,True,False,87,56,31
GS.2.2,No,,H.2.2,,,X,,,,,,,,,,,,,,,,,,,,,,,,,"0,89",,,,,,,,,,,,,,,,,,,,,,,,,"0,89",,,,,,,,,,,,,,,,,,,,,,,,,"0,78",,,,,,,,,,,,,,,,,,,,,,,1.0,"0,89","0,222","0,89","0,78",0.89,1.0,0.222,0.89,0.78,56,False,True,88,57,31
L2.3.2,Yes,Template drift,,,,,,,X,,,,,,,,,,,,,,,,,,,,,,,,,"0,89",,,,,,,,,,,,,,,,,,,,,,,,,"0,89",,,,,,,,,,,,,,,,,,,,,,,,,"0,89",,,,,,,,,,,,,,,,,,,,1.0,"0,89","0,893","0,89","0,89",0.89,1.0,0.893,0.89,0.89,56,True,False,89,57,32
L0_ii.2.3,Yes,Scope misalignment,,,X,,,,,,,,,,,,,,,,,,,,,,,,,"0,89",,,,,,,,,,,,,,,,,,,,,,,,,"0,89",,,,,,,,,,,,,,,,,,,,,,,,,"0,78",,,,,,,,,,,,,,,,,,,,,,,,1.0,"0,89","0,222","0,89","0,78",0.89,1.0,0.222,0.89,0.78,56,True,False,90,57,33
L2.1.2,Yes,Scope misalignment,,,,,,,X,,,,,,,,,,,,,,,,,,,,,,,,,"0,89",,,,,,,,,,,,,,,,,,,,,,,,,"0,89",,,,,,,,,,,,,,,,,,,,,,,,,"0,89",,,,,,,,,,,,,,,,,,,,1.0,"0,89","0,893","0,89","0,89",0.89,1.0,0.893,0.89,0.89,56,True,False,91,57,34
L0_ii.7.2,Yes,Template drift,,,X,,,,,,,,,,,,,,,,,,,,,,,,,"0,89",,,,,,,,,,,,,,,,,,,,,,,,,"0,89",,,,,,,,,,,,,,,,,,,,,,,,,"0,78",,,,,,,,,,,,,,,,,,,,,,,,1.0,"0,89","0,222","0,89","0,78",0.89,1.0,0.222,0.89,0.78,56,True,False,92,57,35
GS.4.14,No,,,,,,,,X,,,,,,,,,,,,,,,,,,,,,,,,,"0,89",,,,,,,,,,,,,,,,,,,,,,,,,"0,89",,,,,,,,,,,,,,,,,,,,,,,,,"0,89",,,,,,,,,,,,,,,,,,,,1.0,"0,89","0,893","0,89","0,89",0.89,1.0,0.893,0.89,0.89,56,False,True,93,58,35
GS.5.4,No,,,,,,,,X,,,,,,,,,,,,,,,,,,,,,,,,,"0,89",,,,,,,,,,,,,,,,,,,,,,,,,"0,89",,,,,,,,,,,,,,,,,,,,,,,,,"0,89",,,,,,,,,,,,,,,,,,,,1.0,"0,89","0,893","0,89","0,89",0.89,1.0,0.893,0.89,0.89,56,False,True,94,59,35
GS.4.9,No,,,X,,,,,,,,,,,,,,,,,,,,,,,,,"0,89",,,,,,,,,,,,,,,,,,,,,,,,,"0,89",,,,,,,,,,,,,,,,,,,,,,,,,"0,78",,,,,,,,,,,,,,,,,,,,,,,,,1.0,"0,89","0,222","0,89","0,78",0.89,1.0,0.222,0.89,0.78,56,False,True,95,60,35
G0_iv.4.2,Yes,Template drift,,,,,,,,,,,,,,,,,,,,,,,X,,,,,,,,,,,,,,,,,,,,,,,,,"0,85",,,,,,,,,,,,,,,,,,,,,,,,,"0,84",,,,,,,,,,,,,,,,,,,,,,,,,"0,68",,,,1.0,"0,85","0,855","0,84","0,68",0.85,1.0,0.855,0.84,0.68,57,True,False,96,60,36
G0.4.2,Yes,Template drift,,,,,,,,,,,,,,,,,,,,X,,,,,,,,,,,,,,,,,,,,,,,,,"0,85",,,,,,,,,,,,,,,,,,,,,,,,,"0,84",,,,,,,,,,,,,,,,,,,,,,,,,"0,68",,,,,,,1.0,"0,85","0,855","0,84","0,68",0.85,1.0,0.855,0.84,0.68,57,True,False,97,60,37
G0.4.1,Yes,Template drift,,,,,,,,,,,,,,,,,,,,X,,,,,,,,,,,,,,,,,,,,,,,,,"0,85",,,,,,,,,,,,,,,,,,,,,,,,,"0,84",,,,,,,,,,,,,,,,,,,,,,,,,"0,68",,,,,,,1.0,"0,85","0,855","0,84","0,68",0.85,1.0,0.855,0.84,0.68,57,True,False,98,60,38
G0_iv.5.2,Yes,Template drift,,,,,,,,,,,,,,,,,,,,,,,X,,,,,,,,,,,,,,,,,,,,,,,,,"0,85",,,,,,,,,,,,,,,,,,,,,,,,,"0,84",,,,,,,,,,,,,,,,,,,,,,,,,"0,68",,,,1.0,"0,85","0,855","0,84","0,68",0.85,1.0,0.855,0.84,0.68,57,True,False,99,60,39
G0_iii.2.3,Yes,Architectural infeasibility,,,,,,,,,,,,,,,,,,,,,,X,,,,,,,,,,,,,,,,,,,,,,,,,"0,85",,,,,,,,,,,,,,,,,,,,,,,,,"0,84",,,,,,,,,,,,,,,,,,,,,,,,,"0,68",,,,,1.0,"0,85","0,855","0,84","0,68",0.85,1.0,0.855,0.84,0.68,57,True,False,100,60,40
G0_iv.3.3,Yes,Template drift,,,,,,,,,,,,,,,,,,,,,,,X,,,,,,,,,,,,,,,,,,,,,,,,,"0,85",,,,,,,,,,,,,,,,,,,,,,,,,"0,84",,,,,,,,,,,,,,,,,,,,,,,,,"0,68",,,,1.0,"0,85","0,855","0,84","0,68",0.85,1.0,0.855,0.84,0.68,57,True,False,101,60,41
G0_iii.3.2,Yes,Template drift,,,,,,,,,,,,,,,,,,,,,,X,,,,,,,,,,,,,,,,,,,,,,,,,"0,85",,,,,,,,,,,,,,,,,,,,,,,,,"0,84",,,,,,,,,,,,,,,,,,,,,,,,,"0,68",,,,,1.0,"0,85","0,855","0,84","0,68",0.85,1.0,0.855,0.84,0.68,57,True,False,102,60,42
G0.2.2,Yes,Template drift,,,,,,,,,,,,,,,,,,,,X,,,,,,,,,,,,,,,,,,,,,,,,,"0,85",,,,,,,,,,,,,,,,,,,,,,,,,"0,84",,,,,,,,,,,,,,,,,,,,,,,,,"0,68",,,,,,,1.0,"0,85","0,855","0,84","0,68",0.85,1.0,0.855,0.84,0.68,57,True,False,103,60,43
G0.6.3,Yes,Template drift,,,,,,,,,,,,,,,,,,,,X,,,,,,,,,,,,,,,,,,,,,,,,,"0,85",,,,,,,,,,,,,,,,,,,,,,,,,"0,84",,,,,,,,,,,,,,,,,,,,,,,,,"0,68",,,,,,,1.0,"0,85","0,855","0,84","0,68",0.85,1.0,0.855,0.84,0.68,57,True,False,104,60,44
G0_iv.5.1,Yes,Template drift,,,,,,,,,,,,,,,,,,,,,,,X,,,,,,,,,,,,,,,,,,,,,,,,,"0,85",,,,,,,,,,,,,,,,,,,,,,,,,"0,84",,,,,,,,,,,,,,,,,,,,,,,,,"0,68",,,,1.0,"0,85","0,855","0,84","0,68",0.85,1.0,0.855,0.84,0.68,57,True,False,105,60,45
G0_iii.10.1,Yes,Template drift,,,,,,,,,,,,,,,,,,,,,,X,,,,,,,,,,,,,,,,,,,,,,,,,"0,85",,,,,,,,,,,,,,,,,,,,,,,,,"0,84",,,,,,,,,,,,,,,,,,,,,,,,,"0,68",,,,,1.0,"0,85","0,855","0,84","0,68",0.85,1.0,0.855,0.84,0.68,57,True,False,106,60,46
G0_iv.10.4,Yes,Architectural infeasibility,,,,,,,,,,,,,,,,,,,,,,,X,,,,,,,,,,,,,,,,,,,,,,,,,"0,85",,,,,,,,,,,,,,,,,,,,,,,,,"0,84",,,,,,,,,,,,,,,,,,,,,,,,,"0,68",,,,1.0,"0,85","0,855","0,84","0,68",0.85,1.0,0.855,0.84,0.68,57,True,False,107,60,47
L1.10.2,Yes,Template drift,,,,,,X,,,,,,,,,,,,,,,,,,,,,,,,,"0,80",,,,,,,,,,,,,,,,,,,,,,,,,"0,80",,,,,,,,,,,,,,,,,,,,,,,,,"0,80",,,,,,,,,,,,,,,,,,,,,1.0,"0,80","0,800","0,80","0,80",0.8,1.0,0.8,0.8,0.8,58,True,False,108,60,48
GS.7.7,No,,,,,,,X,,,,,,,,,,,,,,,,,,,,,,,,,"0,80",,,,,,,,,,,,,,,,,,,,,,,,,"0,80",,,,,,,,,,,,,,,,,,,,,,,,,"0,80",,,,,,,,,,,,,,,,,,,,,1.0,"0,80","0,800","0,80","0,80",0.8,1.0,0.8,0.8,0.8,58,False,True,109,61,48
GS.7.8,No,,,,,,,X,,,,,,,,,,,,,,,,,,,,,,,,,"0,80",,,,,,,,,,,,,,,,,,,,,,,,,"0,80",,,,,,,,,,,,,,,,,,,,,,,,,"0,80",,,,,,,,,,,,,,,,,,,,,1.0,"0,80","0,800","0,80","0,80",0.8,1.0,0.8,0.8,0.8,58,False,True,110,62,48
L1.1.3,Yes,Scope misalignment,,,,,,X,,,,,,,,,,,,,,,,,,,,,,,,,"0,80",,,,,,,,,,,,,,,,,,,,,,,,,"0,80",,,,,,,,,,,,,,,,,,,,,,,,,"0,80",,,,,,,,,,,,,,,,,,,,,1.0,"0,80","0,800","0,80","0,80",0.8,1.0,0.8,0.8,0.8,58,True,False,111,62,49
M1.10.2,Yes,Architectural infeasibility,,,,,,,,,,,,,,,,,,X,,,,,,,,,,,,,,,,,,,,,,,,,"0,75",,,,,,,,,,,,,,,,,,,,,,,,,"0,75",,,,,,,,,,,,,,,,,,,,,,,,,"0,75",,,,,,,,,1.0,"0,75","0,750","0,75","0,75",0.75,1.0,0.75,0.75,0.75,59,True,False,112,62,50
Q1.3.6,Yes,Scope misalignment,,,,,,,,,,,,X,,,,,,,,,,,,,,,,,,,,,,,,,"0,75",,,,,,,,,,,,,,,,,,,,,,,,,"0,75",,,,,,,,,,,,,,,,,,,,,,,,,"0,75",,,,,,,,,,,,,,,1.0,"0,75","0,750","0,75","0,75",0.75,1.0,0.75,0.75,0.75,59,True,False,113,62,51
GS.3.8,No,,,,,,,,,,,,,,,,,,,X,,,,,,,,,,,,,,,,,,,,,,,,,"0,75",,,,,,,,,,,,,,,,,,,,,,,,,"0,75",,,,,,,,,,,,,,,,,,,,,,,,,"0,75",,,,,,,,,1.0,"0,75","0,750","0,75","0,75",0.75,1.0,0.75,0.75,0.75,59,False,True,114,63,51
Q1.10.3,Yes,Template drift,,,,,,,,,,,,X,,,,,,,,,,,,,,,,,,,,,,,,,"0,75",,,,,,,,,,,,,,,,,,,,,,,,,"0,75",,,,,,,,,,,,,,,,,,,,,,,,,"0,75",,,,,,,,,,,,,,,1.0,"0,75","0,750","0,75","0,75",0.75,1.0,0.75,0.75,0.75,59,True,False,115,63,52
Q0_ii.3.3,Yes,Contextual misfit,,,,,,,,,X,,,,,,,,,,,,,,,,,,,,,,,,,"0,76",,,,,,,,,,,,,,,,,,,,,,,,,"0,74",,,,,,,,,,,,,,,,,,,,,,,,,"0,49",,,,,,,,,,,,,,,,,,1.0,"0,76","0,190","0,74","0,49",0.76,1.0,0.19,0.74,0.49,60,True,False,116,63,53
Q0.3.7,Yes,Contextual misfit,,,,,,,,X,,,,,,,,,,,,,,,,,,,,,,,,,"0,76",,,,,,,,,,,,,,,,,,,,,,,,,"0,74",,,,,,,,,,,,,,,,,,,,,,,,,"0,49",,,,,,,,,,,,,,,,,,,1.0,"0,76","0,190","0,74","0,49",0.76,1.0,0.19,0.74,0.49,60,True,False,117,63,54
Q0.3.2,Yes,Contextual misfit,,,,,,,,X,,,,,,,,,,,,,,,,,,,,,,,,,"0,76",,,,,,,,,,,,,,,,,,,,,,,,,"0,74",,,,,,,,,,,,,,,,,,,,,,,,,"0,49",,,,,,,,,,,,,,,,,,,1.0,"0,76","0,190","0,74","0,49",0.76,1.0,0.19,0.74,0.49,60,True,False,118,63,55
Q0.3.9,Yes,Template drift,,,,,,,,X,,,,,,,,,,,,,,,,,,,,,,,,,"0,76",,,,,,,,,,,,,,,,,,,,,,,,,"0,74",,,,,,,,,,,,,,,,,,,,,,,,,"0,49",,,,,,,,,,,,,,,,,,,1.0,"0,76","0,190","0,74","0,49",0.76,1.0,0.19,0.74,0.49,60,True,False,119,63,56
GS.1.2,No,,H.1.2,,,,,,,,,,P,,,,,,,,,,,,,,,,,,,,,,,,,"0,76",,,,,,,,,,,,,,,,,,,,,,,,,"0,74",,,,,,,,,,,,,,,,,,,,,,,,,"0,49",,,,,,,,,,,,,,,,1.0,"0,76","0,190","0,74","0,49",0.76,1.0,0.19,0.74,0.49,60,False,True,120,64,56
Q0_iii.3.4,Yes,Template drift,,,,,,,,,,X,,,,,,,,,,,,,,,,,,,,,,,,,"0,76",,,,,,,,,,,,,,,,,,,,,,,,,"0,74",,,,,,,,,,,,,,,,,,,,,,,,,"0,49",,,,,,,,,,,,,,,,,1.0,"0,76","0,190","0,74","0,49",0.76,1.0,0.19,0.74,0.49,60,True,False,121,64,57
Q0_iii.3.6,Yes,Architectural infeasibility,,,,,,,,,,X,,,,,,,,,,,,,,,,,,,,,,,,,"0,76",,,,,,,,,,,,,,,,,,,,,,,,,"0,74",,,,,,,,,,,,,,,,,,,,,,,,,"0,49",,,,,,,,,,,,,,,,,1.0,"0,76","0,190","0,74","0,49",0.76,1.0,0.19,0.74,0.49,60,True,False,122,64,58
Q0.3.8,Yes,Template drift,,,,,,,,X,,,,,,,,,,,,,,,,,,,,,,,,,"0,76",,,,,,,,,,,,,,,,,,,,,,,,,"0,74",,,,,,,,,,,,,,,,,,,,,,,,,"0,49",,,,,,,,,,,,,,,,,,,1.0,"0,76","0,190","0,74","0,49",0.76,1.0,0.19,0.74,0.49,60,True,False,123,64,59
Q0_iii.4.3,Yes,Scope misalignment,,,,,,,,,,X,,,,,,,,,,,,,,,,,,,,,,,,,"0,76",,,,,,,,,,,,,,,,,,,,,,,,,"0,74",,,,,,,,,,,,,,,,,,,,,,,,,"0,49",,,,,,,,,,,,,,,,,1.0,"0,76","0,190","0,74","0,49",0.76,1.0,0.19,0.74,0.49,60,True,False,124,64,60
Q0.4.7,Yes,Contextual misfit,,,,,,,,X,,,,,,,,,,,,,,,,,,,,,,,,,"0,76",,,,,,,,,,,,,,,,,,,,,,,,,"0,74",,,,,,,,,,,,,,,,,,,,,,,,,"0,49",,,,,,,,,,,,,,,,,,,1.0,"0,76","0,190","0,74","0,49",0.76,1.0,0.19,0.74,0.49,60,True,False,125,64,61
Q0.4.12,Yes,Template drift,,,,,,,,X,,,,,,,,,,,,,,,,,,,,,,,,,"0,76",,,,,,,,,,,,,,,,,,,,,,,,,"0,74",,,,,,,,,,,,,,,,,,,,,,,,,"0,49",,,,,,,,,,,,,,,,,,,1.0,"0,76","0,190","0,74","0,49",0.76,1.0,0.19,0.74,0.49,60,True,False,126,64,62
Q0_ii.4.2,Yes,Template drift,,,,,,,,,X,,,,,,,,,,,,,,,,,,,,,,,,,"0,76",,,,,,,,,,,,,,,,,,,,,,,,,"0,74",,,,,,,,,,,,,,,,,,,,,,,,,"0,49",,,,,,,,,,,,,,,,,,1.0,"0,76","0,190","0,74","0,49",0.76,1.0,0.19,0.74,0.49,60,True,False,127,64,63
Q0.4.2,Yes,Template drift,,,,,,,,X,,,,,,,,,,,,,,,,,,,,,,,,,"0,76",,,,,,,,,,,,,,,,,,,,,,,,,"0,74",,,,,,,,,,,,,,,,,,,,,,,,,"0,49",,,,,,,,,,,,,,,,,,,1.0,"0,76","0,190","0,74","0,49",0.76,1.0,0.19,0.74,0.49,60,True,False,128,64,64
Q0.4.11,Yes,Template drift,,,,,,,,X,,,,,,,,,,,,,,,,,,,,,,,,,"0,76",,,,,,,,,,,,,,,,,,,,,,,,,"0,74",,,,,,,,,,,,,,,,,,,,,,,,,"0,49",,,,,,,,,,,,,,,,,,,1.0,"0,76","0,190","0,74","0,49",0.76,1.0,0.19,0.74,0.49,60,True,False,129,64,65
Q0.10.5,Yes,Template drift,,,,,,,,X,,,,,,,,,,,,,,,,,,,,,,,,,"0,76",,,,,,,,,,,,,,,,,,,,,,,,,"0,74",,,,,,,,,,,,,,,,,,,,,,,,,"0,49",,,,,,,,,,,,,,,,,,,1.0,"0,76","0,190","0,74","0,49",0.76,1.0,0.19,0.74,0.49,60,True,False,130,64,66
Q0.10.7,Yes,Template drift,,,,,,,,X,,,,,,,,,,,,,,,,,,,,,,,,,"0,76",,,,,,,,,,,,,,,,,,,,,,,,,"0,74",,,,,,,,,,,,,,,,,,,,,,,,,"0,49",,,,,,,,,,,,,,,,,,,1.0,"0,76","0,190","0,74","0,49",0.76,1.0,0.19,0.74,0.49,60,True,False,131,64,67
G2.9.4,Yes,Architectural infeasibility,,,,,,,,,,,,,,,,,,,,,,,,,X,,,,,,,,,,,,,,,,,,,,,,,,,"0,74",,,,,,,,,,,,,,,,,,,,,,,,,"0,74",,,,,,,,,,,,,,,,,,,,,,,,,"0,74",,1.0,"0,74","0,737","0,74","0,74",0.74,1.0,0.737,0.74,0.74,60,True,False,132,64,68
Q0.10.6,Yes,Template drift,,,,,,,,X,,,,,,,,,,,,,,,,,,,,,,,,,"0,76",,,,,,,,,,,,,,,,,,,,,,,,,"0,74",,,,,,,,,,,,,,,,,,,,,,,,,"0,49",,,,,,,,,,,,,,,,,,,1.0,"0,76","0,190","0,74","0,49",0.76,1.0,0.19,0.74,0.49,60,True,False,133,64,69
Q0_ii.9.4,Yes,Template drift,,,,,,,,,X,,,,,,,,,,,,,,,,,,,,,,,,,"0,76",,,,,,,,,,,,,,,,,,,,,,,,,"0,74",,,,,,,,,,,,,,,,,,,,,,,,,"0,49",,,,,,,,,,,,,,,,,,1.0,"0,76","0,190","0,74","0,49",0.76,1.0,0.19,0.74,0.49,60,True,False,134,64,70
Q0.9.4,Yes,Template drift,,,,,,,,X,,,,,,,,,,,,,,,,,,,,,,,,,"0,76",,,,,,,,,,,,,,,,,,,,,,,,,"0,74",,,,,,,,,,,,,,,,,,,,,,,,,"0,49",,,,,,,,,,,,,,,,,,,1.0,"0,76","0,190","0,74","0,49",0.76,1.0,0.19,0.74,0.49,60,True,False,135,64,71
Q0_iii.3.5,Yes,Contextual misfit,,,,,,,,,,X,,,,,,,,,,,,,,,,,,,,,,,,,"0,76",,,,,,,,,,,,,,,,,,,,,,,,,"0,74",,,,,,,,,,,,,,,,,,,,,,,,,"0,49",,,,,,,,,,,,,,,,,1.0,"0,76","0,190","0,74","0,49",0.76,1.0,0.19,0.74,0.49,60,True,False,136,64,72
G2.10.2,Yes,Architectural infeasibility,,,,,,,,,,,,,,,,,,,,,,,,,X,,,,,,,,,,,,,,,,,,,,,,,,,"0,74",,,,,,,,,,,,,,,,,,,,,,,,,"0,74",,,,,,,,,,,,,,,,,,,,,,,,,"0,74",,1.0,"0,74","0,737","0,74","0,74",0.74,1.0,0.737,0.74,0.74,60,True,False,137,64,73
Q0.10.2,Yes,Template drift,,,,,,,,X,,,,,,,,,,,,,,,,,,,,,,,,,"0,76",,,,,,,,,,,,,,,,,,,,,,,,,"0,74",,,,,,,,,,,,,,,,,,,,,,,,,"0,49",,,,,,,,,,,,,,,,,,,1.0,"0,76","0,190","0,74","0,49",0.76,1.0,0.19,0.74,0.49,60,True,False,138,64,74
Q0_iii.10.2,Yes,Contextual misfit,,,,,,,,,,X,,,,,,,,,,,,,,,,,,,,,,,,,"0,76",,,,,,,,,,,,,,,,,,,,,,,,,"0,74",,,,,,,,,,,,,,,,,,,,,,,,,"0,49",,,,,,,,,,,,,,,,,1.0,"0,76","0,190","0,74","0,49",0.76,1.0,0.19,0.74,0.49,60,True,False,139,64,75
Q0.10.3,Yes,Template drift,,,,,,,,X,,,,,,,,,,,,,,,,,,,,,,,,,"0,76",,,,,,,,,,,,,,,,,,,,,,,,,"0,74",,,,,,,,,,,,,,,,,,,,,,,,,"0,49",,,,,,,,,,,,,,,,,,,1.0,"0,76","0,190","0,74","0,49",0.76,1.0,0.19,0.74,0.49,60,True,False,140,64,76
Q0_iii.4.4,Yes,Contextual misfit,,,,,,,,,,X,,,,,,,,,,,,,,,,,,,,,,,,,"0,76",,,,,,,,,,,,,,,,,,,,,,,,,"0,74",,,,,,,,,,,,,,,,,,,,,,,,,"0,49",,,,,,,,,,,,,,,,,1.0,"0,76","0,190","0,74","0,49",0.76,1.0,0.19,0.74,0.49,60,True,False,141,64,77
Q0_iii.7.2,Yes,Contextual misfit,,,,,,,,,,X,,,,,,,,,,,,,,,,,,,,,,,,,"0,76",,,,,,,,,,,,,,,,,,,,,,,,,"0,74",,,,,,,,,,,,,,,,,,,,,,,,,"0,49",,,,,,,,,,,,,,,,,1.0,"0,76","0,190","0,74","0,49",0.76,1.0,0.19,0.74,0.49,60,True,False,142,64,78
Q2.9.6,Yes,Architectural infeasibility,,,,,,,,,,,,,X,,,,,,,,,,,,,,,,,,,,,,,,,"0,72",,,,,,,,,,,,,,,,,,,,,,,,,"0,72",,,,,,,,,,,,,,,,,,,,,,,,,"0,72",,,,,,,,,,,,,,1.0,"0,72","0,724","0,72","0,72",0.72,1.0,0.724,0.72,0.72,61,True,False,143,64,79
Q2.10.5,Yes,Template drift,,,,,,,,,,,,,X,,,,,,,,,,,,,,,,,,,,,,,,,"0,72",,,,,,,,,,,,,,,,,,,,,,,,,"0,72",,,,,,,,,,,,,,,,,,,,,,,,,"0,72",,,,,,,,,,,,,,1.0,"0,72","0,724","0,72","0,72",0.72,1.0,0.724,0.72,0.72,61,True,False,144,64,80
Q2.10.4,Yes,Template drift,,,,,,,,,,,,,X,,,,,,,,,,,,,,,,,,,,,,,,,"0,72",,,,,,,,,,,,,,,,,,,,,,,,,"0,72",,,,,,,,,,,,,,,,,,,,,,,,,"0,72",,,,,,,,,,,,,,1.0,"0,72","0,724","0,72","0,72",0.72,1.0,0.724,0.72,0.72,61,True,False,145,64,81
GS.10.8,No,,,,,,,,,,,,,,X,,,,,,,,,,,,,,,,,,,,,,,,,"0,72",,,,,,,,,,,,,,,,,,,,,,,,,"0,72",,,,,,,,,,,,,,,,,,,,,,,,,"0,72",,,,,,,,,,,,,,1.0,"0,72","0,724","0,72","0,72",0.72,1.0,0.724,0.72,0.72,61,False,True,146,65,81
Q2.4.2,Yes,Scope misalignment,,,,,,,,,,,,,X,,,,,,,,,,,,,,,,,,,,,,,,,"0,72",,,,,,,,,,,,,,,,,,,,,,,,,"0,72",,,,,,,,,,,,,,,,,,,,,,,,,"0,72",,,,,,,,,,,,,,1.0,"0,72","0,724","0,72","0,72",0.72,1.0,0.724,0.72,0.72,61,True,False,147,65,82
GS.9.7,No,,,,,,,,,,,,,,X,,,,,,,,,,,,,,,,,,,,,,,,,"0,72",,,,,,,,,,,,,,,,,,,,,,,,,"0,72",,,,,,,,,,,,,,,,,,,,,,,,,"0,72",,,,,,,,,,,,,,1.0,"0,72","0,724","0,72","0,72",0.72,1.0,0.724,0.72,0.72,61,False,True,148,66,82
Q2.9.2,Yes,Architectural infeasibility,,,,,,,,,,,,,X,,,,,,,,,,,,,,,,,,,,,,,,,"0,72",,,,,,,,,,,,,,,,,,,,,,,,,"0,72",,,,,,,,,,,,,,,,,,,,,,,,,"0,72",,,,,,,,,,,,,,1.0,"0,72","0,724","0,72","0,72",0.72,1.0,0.724,0.72,0.72,61,True,False,149,66,83
M0_iii.2.4,Yes,Scope misalignment,,,,,,,,,,,,,,,,X,,,,,,,,,,,,,,,,,,,,,,,,,"0,66",,,,,,,,,,,,,,,,,,,,,,,,,"0,65",,,,,,,,,,,,,,,,,,,,,,,,,"0,49",,,,,,,,,,,1.0,"0,66","0,165","0,65","0,49",0.66,1.0,0.165,0.65,0.49,62,True,False,150,66,84
M0_iii.2.2,Yes,Scope misalignment,,,,,,,,,,,,,,,,X,,,,,,,,,,,,,,,,,,,,,,,,,"0,66",,,,,,,,,,,,,,,,,,,,,,,,,"0,65",,,,,,,,,,,,,,,,,,,,,,,,,"0,49",,,,,,,,,,,1.0,"0,66","0,165","0,65","0,49",0.66,1.0,0.165,0.65,0.49,62,True,False,151,66,85
M0.2.3,Yes,Architectural infeasibility,,,,,,,,,,,,,,X,,,,,,,,,,,,,,,,,,,,,,,,,"0,66",,,,,,,,,,,,,,,,,,,,,,,,,"0,65",,,,,,,,,,,,,,,,,,,,,,,,,"0,49",,,,,,,,,,,,,1.0,"0,66","0,165","0,65","0,49",0.66,1.0,0.165,0.65,0.49,62,True,False,152,66,86
M0_ii.2.5,Yes,Scope misalignment,,,,,,,,,,,,,,,X,,,,,,,,,,,,,,,,,,,,,,,,,"0,66",,,,,,,,,,,,,,,,,,,,,,,,,"0,65",,,,,,,,,,,,,,,,,,,,,,,,,"0,49",,,,,,,,,,,,1.0,"0,66","0,165","0,65","0,49",0.66,1.0,0.165,0.65,0.49,62,True,False,153,66,87
M0_iv.8.2,Yes,Architectural infeasibility,,,,,,,,,,,,,,,,,X,,,,,,,,,,,,,,,,,,,,,,,,,"0,66",,,,,,,,,,,,,,,,,,,,,,,,,"0,65",,,,,,,,,,,,,,,,,,,,,,,,,"0,49",,,,,,,,,,1.0,"0,66","0,165","0,65","0,49",0.66,1.0,0.165,0.65,0.49,62,True,False,154,66,88
M0.3.4,Yes,Template drift,,,,,,,,,,,,,,X,,,,,,,,,,,,,,,,,,,,,,,,,"0,66",,,,,,,,,,,,,,,,,,,,,,,,,"0,65",,,,,,,,,,,,,,,,,,,,,,,,,"0,49",,,,,,,,,,,,,1.0,"0,66","0,165","0,65","0,49",0.66,1.0,0.165,0.65,0.49,62,True,False,155,66,89
GS.10.10,No,,,,,,,,,,,,,,,X,,,,,,,,,,,,,,,,,,,,,,,,,"0,66",,,,,,,,,,,,,,,,,,,,,,,,,"0,65",,,,,,,,,,,,,,,,,,,,,,,,,"0,49",,,,,,,,,,,,,1.0,"0,66","0,165","0,65","0,49",0.66,1.0,0.165,0.65,0.49,62,False,True,156,67,89
M0_ii.7.1,Yes,Architectural infeasibility,,,,,,,,,,,,,,,X,,,,,,,,,,,,,,,,,,,,,,,,,"0,66",,,,,,,,,,,,,,,,,,,,,,,,,"0,65",,,,,,,,,,,,,,,,,,,,,,,,,"0,49",,,,,,,,,,,,1.0,"0,66","0,165","0,65","0,49",0.66,1.0,0.165,0.65,0.49,62,True,False,157,67,90
GS.6.3,No,,,,,,,,,,,,,,,X,,,,,,,,,,,,,,,,,,,,,,,,,"0,66",,,,,,,,,,,,,,,,,,,,,,,,,"0,65",,,,,,,,,,,,,,,,,,,,,,,,,"0,49",,,,,,,,,,,,,1.0,"0,66","0,165","0,65","0,49",0.66,1.0,0.165,0.65,0.49,62,False,True,158,68,90
M0_iii.4.2,Yes,Template drift,,,,,,,,,,,,,,,,X,,,,,,,,,,,,,,,,,,,,,,,,,"0,66",,,,,,,,,,,,,,,,,,,,,,,,,"0,65",,,,,,,,,,,,,,,,,,,,,,,,,"0,49",,,,,,,,,,,1.0,"0,66","0,165","0,65","0,49",0.66,1.0,0.165,0.65,0.49,62,True,False,159,68,91
M0_iv.7.3,Yes,Contextual misfit,,,,,,,,,,,,,,,,,X,,,,,,,,,,,,,,,,,,,,,,,,,"0,66",,,,,,,,,,,,,,,,,,,,,,,,,"0,65",,,,,,,,,,,,,,,,,,,,,,,,,"0,49",,,,,,,,,,1.0,"0,66","0,165","0,65","0,49",0.66,1.0,0.165,0.65,0.49,62,True,False,160,68,92
M0_iii.8.3,Yes,Template drift,,,,,,,,,,,,,,,,X,,,,,,,,,,,,,,,,,,,,,,,,,"0,66",,,,,,,,,,,,,,,,,,,,,,,,,"0,65",,,,,,,,,,,,,,,,,,,,,,,,,"0,49",,,,,,,,,,,1.0,"0,66","0,165","0,65","0,49",0.66,1.0,0.165,0.65,0.49,62,True,False,161,68,93
M0_iv.8.1,Yes,Architectural infeasibility,,,,,,,,,,,,,,,,,X,,,,,,,,,,,,,,,,,,,,,,,,,"0,66",,,,,,,,,,,,,,,,,,,,,,,,,"0,65",,,,,,,,,,,,,,,,,,,,,,,,,"0,49",,,,,,,,,,1.0,"0,66","0,165","0,65","0,49",0.66,1.0,0.165,0.65,0.49,62,True,False,162,68,94
GS.10.9,No,,,,,,,,,,,,,,,X,,,,,,,,,,,,,,,,,,,,,,,,,"0,66",,,,,,,,,,,,,,,,,,,,,,,,,"0,65",,,,,,,,,,,,,,,,,,,,,,,,,"0,49",,,,,,,,,,,,,1.0,"0,66","0,165","0,65","0,49",0.66,1.0,0.165,0.65,0.49,62,False,True,163,69,94
M0_ii.7.5,Yes,Contextual misfit,,,,,,,,,,,,,,,X,,,,,,,,,,,,,,,,,,,,,,,,,"0,66",,,,,,,,,,,,,,,,,,,,,,,,,"0,65",,,,,,,,,,,,,,,,,,,,,,,,,"0,49",,,,,,,,,,,,1.0,"0,66","0,165","0,65","0,49",0.66,1.0,0.165,0.65,0.49,62,True,False,164,69,95
M0_iv.7.5,Yes,Contextual misfit,,,,,,,,,,,,,,,,,X,,,,,,,,,,,,,,,,,,,,,,,,,"0,66",,,,,,,,,,,,,,,,,,,,,,,,,"0,65",,,,,,,,,,,,,,,,,,,,,,,,,"0,49",,,,,,,,,,1.0,"0,66","0,165","0,65","0,49",0.66,1.0,0.165,0.65,0.49,62,True,False,165,69,96
M2.8.5,Yes,Architectural infeasibility,,,,,,,,,,,,,,,,,,,X,,,,,,,,,,,,,,,,,,,,,,,,,"0,61",,,,,,,,,,,,,,,,,,,,,,,,,"0,61",,,,,,,,,,,,,,,,,,,,,,,,,"0,61",,,,,,,,1.0,"0,61","0,606","0,61","0,61",0.61,1.0,0.606,0.61,0.61,63,True,False,166,69,97
M2.10.5,Yes,Architectural infeasibility,,,,,,,,,,,,,,,,,,,X,,,,,,,,,,,,,,,,,,,,,,,,,"0,61",,,,,,,,,,,,,,,,,,,,,,,,,"0,61",,,,,,,,,,,,,,,,,,,,,,,,,"0,61",,,,,,,,1.0,"0,61","0,606","0,61","0,61",0.61,1.0,0.606,0.61,0.61,63,True,False,167,69,98
M2.2.1,Yes,Architectural infeasibility,,,,,,,,,,,,,,,,,,,X,,,,,,,,,,,,,,,,,,,,,,,,,"0,61",,,,,,,,,,,,,,,,,,,,,,,,,"0,61",,,,,,,,,,,,,,,,,,,,,,,,,"0,61",,,,,,,,1.0,"0,61","0,606","0,61","0,61",0.61,1.0,0.606,0.61,0.61,63,True,False,168,69,99
M2.2.2,Yes,Architectural infeasibility,,,,,,,,,,,,,,,,,,,X,,,,,,,,,,,,,,,,,,,,,,,,,"0,61",,,,,,,,,,,,,,,,,,,,,,,,,"0,61",,,,,,,,,,,,,,,,,,,,,,,,,"0,61",,,,,,,,1.0,"0,61","0,606","0,61","0,61",0.61,1.0,0.606,0.61,0.61,63,True,False,169,69,100
M2.2.4,Yes,Architectural infeasibility,,,,,,,,,,,,,,,,,,,X,,,,,,,,,,,,,,,,,,,,,,,,,"0,61",,,,,,,,,,,,,,,,,,,,,,,,,"0,61",,,,,,,,,,,,,,,,,,,,,,,,,"0,61",,,,,,,,1.0,"0,61","0,606","0,61","0,61",0.61,1.0,0.606,0.61,0.61,63,True,False,170,69,101
M2.2.5,Yes,Architectural infeasibility,,,,,,,,,,,,,,,,,,,X,,,,,,,,,,,,,,,,,,,,,,,,,"0,61",,,,,,,,,,,,,,,,,,,,,,,,,"0,61",,,,,,,,,,,,,,,,,,,,,,,,,"0,61",,,,,,,,1.0,"0,61","0,606","0,61","0,61",0.61,1.0,0.606,0.61,0.61,63,True,False,171,69,102
M2.8.2,Yes,Architectural infeasibility,,,,,,,,,,,,,,,,,,,X,,,,,,,,,,,,,,,,,,,,,,,,,"0,61",,,,,,,,,,,,,,,,,,,,,,,,,"0,61",,,,,,,,,,,,,,,,,,,,,,,,,"0,61",,,,,,,,1.0,"0,61","0,606","0,61","0,61",0.61,1.0,0.606,0.61,0.61,63,True,False,172,69,103
G1.10.2,Yes,Template drift,,,,,,,,,,,,,,,,,,,,,,,,X,,,,,,,,,,,,,,,,,,,,,,,,,"0,60",,,,,,,,,,,,,,,,,,,,,,,,,"0,60",,,,,,,,,,,,,,,,,,,,,,,,,"0,60",,,1.0,"0,60","0,600","0,60","0,60",0.6,1.0,0.6,0.6,0.6,64,True,False,173,69,104
G1.3.4,Yes,Template drift,,,,,,,,,,,,,,,,,,,,,,,,X,,,,,,,,,,,,,,,,,,,,,,,,,"0,60",,,,,,,,,,,,,,,,,,,,,,,,,"0,60",,,,,,,,,,,,,,,,,,,,,,,,,"0,60",,,1.0,"0,60","0,600","0,60","0,60",0.6,1.0,0.6,0.6,0.6,64,True,False,174,69,105
G1.10.1,Yes,Architectural infeasibility,,,,,,,,,,,,,,,,,,,,,,,,X,,,,,,,,,,,,,,,,,,,,,,,,,"0,60",,,,,,,,,,,,,,,,,,,,,,,,,"0,60",,,,,,,,,,,,,,,,,,,,,,,,,"0,60",,,1.0,"0,60","0,600","0,60","0,60",0.6,1.0,0.6,0.6,0.6,64,True,False,175,69,106
G1.4.3,Yes,Template drift,,,,,,,,,,,,,,,,,,,,,,,,X,,,,,,,,,,,,,,,,,,,,,,,,,"0,60",,,,,,,,,,,,,,,,,,,,,,,,,"0,60",,,,,,,,,,,,,,,,,,,,,,,,,"0,60",,,1.0,"0,60","0,600","0,60","0,60",0.6,1.0,0.6,0.6,0.6,64,True,False,176,69,107
G1.4.2,Yes,Contextual misfit,,,,,,,,,,,,,,,,,,,,,,,,X,,,,,,,,,,,,,,,,,,,,,,,,,"0,60",,,,,,,,,,,,,,,,,,,,,,,,,"0,60",,,,,,,,,,,,,,,,,,,,,,,,,"0,60",,,1.0,"0,60","0,600","0,60","0,60",0.6,1.0,0.6,0.6,0.6,64,True,False,177,69,108
G1.5.2,Yes,Template drift,,,,,,,,,,,,,,,,,,,,,,,,X,,,,,,,,,,,,,,,,,,,,,,,,,"0,60",,,,,,,,,,,,,,,,,,,,,,,,,"0,60",,,,,,,,,,,,,,,,,,,,,,,,,"0,60",,,1.0,"0,60","0,600","0,60","0,60",0.6,1.0,0.6,0.6,0.6,64,True,False,178,69,109
G1.9.3,Yes,Architectural infeasibility,,,,,,,,,,,,,,,,,,,,,,,,X,,,,,,,,,,,,,,,,,,,,,,,,,"0,60",,,,,,,,,,,,,,,,,,,,,,,,,"0,60",,,,,,,,,,,,,,,,,,,,,,,,,"0,60",,,1.0,"0,60","0,600","0,60","0,60",0.6,1.0,0.6,0.6,0.6,64,True,False,179,69,110
G1.10.3,Yes,Architectural infeasibility,,,,,,,,,,,,,,,,,,,,,,,,X,,,,,,,,,,,,,,,,,,,,,,,,,"0,60",,,,,,,,,,,,,,,,,,,,,,,,,"0,60",,,,,,,,,,,,,,,,,,,,,,,,,"0,60",,,1.0,"0,60","0,600","0,60","0,60",0.6,1.0,0.6,0.6,0.6,64,True,False,180,69,111
GS.1.3,No,,,,,,,,,,,,,,,,,,,,,,,,,,,,,,,,,,,,,,,,,,,,,,,,,,,,,,,,,,,,,,,,,,,,,,,,,,,,,,,,,,,,,,,,,,,,,,,,,,,,,,,0.0,"0,00","0,000","0,00","0,00",0.0,0.0,0.0,0.0,0.0,65,False,True,181,70,111
GS.3.3,No,,H.3.3,,,,,,,,,,,,,,,,,,,,,,,,,,,,,,,,,,,,,,,,,,,,,,,,,,,,,,,,,,,,,,,,,,,,,,,,,,,,,,,,,,,,,,,,,,,,,,,,,,,,,0.0,"0,00","0,000","0,00","0,00",0.0,0.0,0.0,0.0,0.0,65,False,True,182,71,111
GS.4.21,No,,,,,,,,,,,,,,,,,,,,,,,,,,,,,,,,,,,,,,,,,,,,,,,,,,,,,,,,,,,,,,,,,,,,,,,,,,,,,,,,,,,,,,,,,,,,,,,,,,,,,,,0.0,"0,00","0,000","0,00","0,00",0.0,0.0,0.0,0.0,0.0,65,False,True,183,72,111
GS.7.10,No,,,,,,,,,,,,,,,,,,,,,,,,,,,,,,,,,,,,,,,,,,,,,,,,,,,,,,,,,,,,,,,,,,,,,,,,,,,,,,,,,,,,,,,,,,,,,,,,,,,,,,,0.0,"0,00","0,000","0,00","0,00",0.0,0.0,0.0,0.0,0.0,65,False,True,184,73,111
GS.7.11,No,,,,,,,,,,,,,,,,,,,,,,,,,,,,,,,,,,,,,,,,,,,,,,,,,,,,,,,,,,,,,,,,,,,,,,,,,,,,,,,,,,,,,,,,,,,,,,,,,,,,,,,0.0,"0,00","0,000","0,00","0,00",0.0,0.0,0.0,0.0,0.0,65,False,True,185,74,111
GS.4.20,No,,,,,,,,,,,,,,,,,,,,,,,,,,,,,,,,,,,,,,,,,,,,,,,,,,,,,,,,,,,,,,,,,,,,,,,,,,,,,,,,,,,,,,,,,,,,,,,,,,,,,,,0.0,"0,00","0,000","0,00","0,00",0.0,0.0,0.0,0.0,0.0,65,False,True,186,75,111
GS.8.3,No,,,,,,,,,,,,,,,,,,,,,,,,,,,,,,,,,,,,,,,,,,,,,,,,,,,,,,,,,,,,,,,,,,,,,,,,,,,,,,,,,,,,,,,,,,,,,,,,,,,,,,,0.0,"0,00","0,000","0,00","0,00",0.0,0.0,0.0,0.0,0.0,65,False,True,187,76,111
